Operation,SequenceLength,TotalNodesTracked,AverageSwaps,Swaps_0,Swaps_1,Swaps_2,Swaps_3,Swaps_4,Swaps_5,Swaps_6,Swaps_7,Swaps_8,Swaps_9,Swaps_10,Swaps_11,Swaps_12,Swaps_13,Swaps_14,Swaps_15,Swaps_16,Swaps_17,Swaps_18,Swaps_19
Heapify,100000,50000,1.49056,10634,21307,9336,4486,2164,1024,526,259,144,59,30,17,9,3,1,1,0,0,0,0
Push,100000,100000,1.28251,38401,28841,15942,8256,4280,2121,1093,523,285,128,79,32,11,5,2,1,0,0,0,0
Heapify,200000,100000,1.49287,21148,42647,18904,8766,4313,2148,1006,544,266,124,83,18,20,5,3,2,2,1,0,0
Push,200000,200000,1.28597,76826,57550,31753,16650,8420,4487,2174,1086,517,281,145,58,31,13,5,2,1,1,0,0
Heapify,500000,250000,1.487708,53554,106422,46577,22235,10732,5308,2565,1317,639,338,163,77,42,11,12,6,1,1,0,0
Push,500000,500000,1.282296,192534,143903,79223,41536,21305,10776,5330,2702,1327,707,344,144,86,41,20,11,6,2,3,0
Heapify,800000,400000,1.489555,85285,170496,74803,35363,17359,8335,4188,2102,1024,496,284,128,72,29,19,9,5,2,1,0
Push,800000,800000,1.28291125,308361,230233,126384,66377,33962,17293,8610,4414,2167,1112,531,276,138,71,33,25,5,4,4,0
Heapify,1000000,500000,1.488586,106357,213824,93309,44035,21524,10446,5338,2589,1267,642,343,159,84,36,24,12,6,3,1,1
Push,1000000,1000000,1.282414,384876,288130,158431,82828,42810,21473,10676,5398,2692,1319,678,330,171,94,47,27,9,6,4,1
